Camera,PRICE,MEGAPIXEL,SHAPE,BRAND,FUNCTION,SIZE OF LCD,ZOOM OPTICAL
,,,,,,,
,,,,,,,
,,,,,,,
,,,,,,,
,,,,,,,
NIKON,,,,,,2,
SONY,6,,,,,,
,,,,,,,
,,,,,,,
SONY,,7,,,,,
FUJIFILM,6,,,,,,
CANON,6,7,3,6,5,2,4
,,,,,,,
OLYMPUS,,,,6,,,
,,,,,,,
CANON,,7,,6,,,4
,,,,,,,
NIKON,6,,3,6,,,4
,,,,,,,
,,,,,,,
,,,,,,,
,,,,,,,
,,,,,,,
,,,,,,,
,,,,,,,
,,,,,,,
,,,,,,,
,,,,,,,
,,,,,,,
,,,,,,,
,,,,,,,
CANON,,7,,,,,
,,,,,,,
,,,,,,,
,,,,,,,
,,,,,,,
,,,,,,,
CANON,,7,,,,,
,,,,,,,
,,,,,,,
CANON,,7,,6,,,
,,,,,,,
,,,,,,,
,,,,,,,
,,,,,,,
CANON,,7,,,,,
,,,,,,,
,,,,,,,
CANON,,7,3,,5,,
,,,,,,,
CANON,6,7,,6,5,,
,,,,,,,
,,,,,,,
,,,,,,,
,,,,,,,
,,,,,,,
,,,,,,,
SONY,6,,,,,,
,,,,,,,
CANON,,7,,6,,2,
,,,,,,,
,,,,,,,
,,,,,,,
,,,,,,,
SONY,6,,,6,,,
SAMSUNG,6,7,,,,2,4
,,,,,,,
,,,,,,,
,,,,,,,
SONY,6,7,,,5,,4
,,,,,,,
,,,,,,,
SONY,,7,,6,,,4
CANON,,,,,5,,
,,,,,,,
NIKON,,7,,,,,
NIKON,,,,6,,,
CANON,,,,,5,,
,,,,,,,
CANON,,,,6,,,
,,,,,,,
,,,,,,,
,,,,,,,
,,,,,,,
,,,,,,,
,,,,,,,
,,,,,,,
,,,,,,,
,,,,,,,
,,,,,,,
,,,,,,,
,,,,,,,
,,,,,,,
CANON,6,7,3,6,5,,
,,,,,,,
,,,,,,,
,,,,,,,
,,,,,,,
,,,,,,,
CANON,,,,,5,,
,,,,,,,
,,,,,,,
,,,,,,,
,,,,,,,
,,,,,,,
,,,,,,,
,,,,,,,
,,,,,,,
,,,,,,,
,,,,,,,
SAMSUNG,,,3,,,,
,,,,,,,
,,,,,,,
SONY,6,7,3,6,,,4
CANON,6,7,3,6,5,2,4
CANON,6,7,,,,,
CANON,6,7,,6,,2,4
CANON,6,7,,,5,,
