Headphones,Price,Don't care,Comfort,Sound Quality,Durability,Noise Cancellation,Ability to Stay in Ear
,5,5,4,5,5,5,4
,,,,,,,
,2,2,2,2,1,1,1
Apple,4,4,3,3,3,3,3
Samsung,4,4,3,3,3,3,3
Apple,4,4,3,3,3,3,3
Oppo,3,4,5,5,4,4,5
Xiaomi,2,5,4,4,5,3,4
,,,,,,,
Apple,3,4,5,5,4,4,5
Vivo,2,2,2,2,3,2,2
Apple,5,5,4,4,5,5,4
Vivo,4,4,5,5,5,5,2
Oneplus,5,4,5,4,4,4,5
,4,4,4,5,5,5,4
Oneplus,4,5,5,5,4,4,5
Oneplus,1,4,4,4,5,3,4
Apple,4,5,4,4,5,5,4
,5,5,4,5,3,3,5
Oppo,5,5,4,4,5,5,4
Oneplus,1,4,3,5,5,4,5
,,,,,,,
Samsung,5,2,3,3,5,2,1
,5,4,5,5,5,4,5
Apple,3,5,4,4,4,4,5
,,,,,,,
,,,,,,,
,,,,,,,
Apple,4,4,3,5,5,4,2
,4,4,3,3,3,3,3
,,,,,,,
,5,4,5,5,4,4,5
,1,5,4,4,5,5,4
,3,4,5,5,4,5,5
Oneplus,4,4,3,3,3,3,3
Oppo,4,4,5,5,5,5,5
,4,5,5,5,5,4,5
Vivo,2,2,4,2,3,1,1
,5,5,4,5,5,4,4
Oneplus,4,5,4,4,2,5,3
Xiaomi,5,4,5,5,4,3,5
Vivo,5,4,4,5,5,4,4
,4,5,4,5,4,5,5
Xiaomi,3,4,4,4,5,5,5
Oneplus,5,5,4,4,5,3,3
Apple,4,4,5,5,5,5,5
,,,,,,,
,3,5,5,4,5,3,4
Oneplus,5,5,4,5,5,5,5
Vivo,4,5,5,4,5,4,4
Apple,5,5,4,4,5,5,4
,3,4,5,5,4,4,5
,4,5,4,4,3,2,4
,5,5,4,4,5,5,4
,4,4,5,5,5,4,5
Samsung,5,5,4,4,5,5,4
Apple,3,2,5,5,3,2,5
Oneplus,3,4,5,5,4,4,5
Apple,4,4,3,3,3,3,3
,5,4,5,5,5,5,4
,3,2,5,4,5,3,4
Oneplus,4,4,1,3,2,3,2
,,,,,,,
,3,4,5,5,4,4,5
Xiaomi,3,4,5,5,4,4,4
Samsung,4,2,4,4,5,5,4
Samsung,3,4,5,5,4,4,5
Oneplus,5,5,5,5,4,4,5
,5,4,5,5,5,4,5
,5,4,4,4,5,5,4
Vivo,3,4,5,5,5,5,5
,,,,,,,
,5,5,5,5,4,5,4
Samsung,2,4,5,5,4,4,5
Xiaomi,5,5,4,5,4,5,5
Xiaomi,4,5,4,5,4,4,5
Oneplus,3,5,5,5,4,4,5
Xiaomi,4,2,4,4,5,3,2
Oppo,5,5,4,3,5,2,4
,5,4,5,5,5,5,5
,3,4,5,5,4,4,5
,4,4,4,4,5,5,4
,3,4,5,5,3,5,5
Samsung,5,2,5,5,4,5,4
,,,,,,,
Apple,5,5,4,4,5,5,4
,3,4,4,3,4,2,5
,,,,,,,
,5,5,4,4,5,5,4
,,,,,,,
,,,,,,,
,,,,,,,
,5,5,4,2,2,4,5
Apple,4,5,4,5,5,5,5
Apple,2,4,4,4,3,5,4
Apple,5,4,5,4,4,2,5
,5,5,3,4,4,3,5
,,,,,,,
,,,,,,,
Vivo,4,5,5,4,3,5,4
,5,4,5,5,4,4,5
,1,2,5,5,4,5,5
,,,,,,,
,2,2,4,5,5,3,3
,,,,,,,
Oneplus,4,5,4,3,5,3,5
Samsung,3,4,5,5,3,4,5
,3,4,5,4,3,4,4
Oneplus,3,4,4,5,5,5,5
,5,5,5,5,4,4,5
Vivo,4,5,5,5,2,4,5
,3,2,4,4,2,5,3
,,,,,,,
Logitech,3,5,4,4,5,3,4
,3,4,5,5,4,4,5
Oneplus,4,5,4,4,5,5,4
Oneplus,3,4,5,5,4,4,5
,4,4,3,3,3,2,3
